{
    "blue": [
        [-0.040500000000001535, -27.4995],
        [6.944000000000003, -26.9525],
        [11.362499999999997, -24.4655],
        [13.646999999999998, -19.984],
        [13.646999999999998, -7.218499999999999],
        [11.470999999999997, -2.9974999999999987],
        [6.944000000000003, -0.4059999999999988],
        [-6.446999999999999, -0.4059999999999988],
        [-12.0495, 2.0770000000000017],
        [-14.822, 7.922499999999999],
        [-14.822, 14.0475],
        [-19.430999999999997, 14.0475],
        [-23.9685, 11.137999999999998],
        [-26.556, 7.250500000000002],
        [-26.556, -6.374500000000001],
        [-23.2965, -10.951],
        [-18.180999999999997, -13.1715],
        [0.25649999999999906, -13.1715],
        [0.25649999999999906, -14.8745],
        [-13.15, -14.8745],
        [-13.15, -19.984],
        [-11.1705, -24.781],
        [-6.446999999999999, -26.9525],
        [-0.040500000000001535, -27.4995]
    ],
    "yellow": [
        [15.319000000000003, -13.1715],
        [15.319000000000003, -7.218499999999999],
        [12.619999999999997, -1.8919999999999995],
        [6.944000000000003, 1.2815000000000012],
        [-6.446999999999999, 1.2815000000000012],
        [-10.706, 3.3659999999999997],
        [-13.15, 8.094000000000001],
        [-13.15, 20.86],
        [-10.8325, 25.039499999999997],
        [-6.446999999999999, 27.6725],
        [6.944000000000003, 27.6725],
        [11.234000000000002, 25.051499999999997],
        [13.646999999999998, 20.86],
        [13.646999999999998, 15.750500000000002],
        [0.25649999999999906, 15.750500000000002],
        [0.25649999999999906, 14.0475],
        [20.35, 14.0475],
        [24.394, 11.459000000000003],
        [27.052999999999997, 7.250500000000002],
        [27.052999999999997, -6.374500000000001],
        [24.256, -10.741499999999998],
        [20.35, -13.1715],
        [15.319000000000003, -13.1715]
    ]
}

